{
    "12.png": {
        "MAE": 31.202087727194787
    },
    "13.png": {
        "MAE": 26.990130637002743
    },
    "14.png": {
        "MAE": 23.378458611968448
    },
    "15.png": {
        "MAE": 20.70894172239369
    },
    "16.png": {
        "MAE": 18.93805791323731
    },
    "17.png": {
        "MAE": 17.100403913751716
    },
    "18.png": {
        "MAE": 16.54750010716735
    },
    "19.png": {
        "MAE": 17.875256451474623
    },
    "2.png": {
        "MAE": 30.977079689643347
    },
    "20.png": {
        "MAE": 45.22006408607682
    },
    "21.png": {
        "MAE": 44.58319990997943
    },
    "22.png": {
        "MAE": 37.097602880658435
    },
    "23.png": {
        "MAE": 31.201808127572015
    },
    "24.png": {
        "MAE": 25.94385941786694
    },
    "25.png": {
        "MAE": 22.507971429183815
    },
    "26.png": {
        "MAE": 20.754752657750345
    },
    "27.png": {
        "MAE": 19.673832090192043
    },
    "28.png": {
        "MAE": 18.947688614540468
    },
    "29.png": {
        "MAE": 17.75599408436214
    },
    "3.png": {
        "MAE": 28.427610060871057
    },
    "30.png": {
        "MAE": 71.37967614026063
    },
    "31.png": {
        "MAE": 44.228474258401924
    },
    "32.png": {
        "MAE": 40.62780585562414
    },
    "33.png": {
        "MAE": 34.03725190757888
    },
    "34.png": {
        "MAE": 27.883365483539094
    },
    "35.png": {
        "MAE": 24.19592324674211
    },
    "36.png": {
        "MAE": 22.084989283264747
    },
    "37.png": {
        "MAE": 20.057113876028808
    },
    "38.png": {
        "MAE": 17.25619555898491
    },
    "39.png": {
        "MAE": 16.112225222908094
    },
    "4.png": {
        "MAE": 26.3171791409465
    },
    "40.png": {
        "MAE": 72.70184852966392
    },
    "41.png": {
        "MAE": 44.16542009602195
    },
    "42.png": {
        "MAE": 38.95052608453361
    },
    "43.png": {
        "MAE": 33.33397848079561
    },
    "44.png": {
        "MAE": 26.961606331447186
    },
    "45.png": {
        "MAE": 23.33534368569959
    },
    "46.png": {
        "MAE": 21.17257233796296
    },
    "47.png": {
        "MAE": 18.726721000514402
    },
    "48.png": {
        "MAE": 15.120000000000001
    },
    "49.png": {
        "MAE": 15.24829550325789
    },
    "5.png": {
        "MAE": 24.387907878943757
    },
    "50.png": {
        "MAE": 72.23534743655694
    },
    "51.png": {
        "MAE": 42.59148544667352
    },
    "52.png": {
        "MAE": 37.26461130401235
    },
    "53.png": {
        "MAE": 32.02757062328532
    },
    "54.png": {
        "MAE": 25.90744116512346
    },
    "55.png": {
        "MAE": 22.196933834876543
    },
    "56.png": {
        "MAE": 19.952985575274347
    },
    "57.png": {
        "MAE": 17.884106331447185
    },
    "58.png": {
        "MAE": 14.519368355624142
    },
    "59.png": {
        "MAE": 14.97979059499314
    },
    "6.png": {
        "MAE": 22.504275870198903
    },
    "60.png": {
        "MAE": 69.83602044753087
    },
    "61.png": {
        "MAE": 38.65435249485597
    },
    "62.png": {
        "MAE": 35.21228716563786
    },
    "63.png": {
        "MAE": 30.399095721879288
    },
    "64.png": {
        "MAE": 25.089707540294924
    },
    "65.png": {
        "MAE": 21.454778056412895
    },
    "66.png": {
        "MAE": 18.952474279835393
    },
    "67.png": {
        "MAE": 17.6747446201989
    },
    "68.png": {
        "MAE": 15.008978802297667
    },
    "69.png": {
        "MAE": 15.174677962105623
    },
    "7.png": {
        "MAE": 20.500562199931412
    },
    "70.png": {
        "MAE": 36.560862482853224
    },
    "71.png": {
        "MAE": 33.506790444958845
    },
    "72.png": {
        "MAE": 31.01580621999314
    },
    "73.png": {
        "MAE": 26.9581272505144
    },
    "74.png": {
        "MAE": 22.774853287894377
    },
    "75.png": {
        "MAE": 19.677075081447185
    },
    "76.png": {
        "MAE": 17.687007137345677
    },
    "77.png": {
        "MAE": 17.05097082904664
    },
    "78.png": {
        "MAE": 15.762507930384087
    },
    "79.png": {
        "MAE": 15.864984889403292
    },
    "8.png": {
        "MAE": 18.721396390603566
    },
    "80.png": {
        "MAE": 22.133396347736625
    },
    "81.png": {
        "MAE": 33.1310872127915
    },
    "82.png": {
        "MAE": 25.489237182784635
    },
    "83.png": {
        "MAE": 22.144613340192045
    },
    "84.png": {
        "MAE": 19.59716906721536
    },
    "85.png": {
        "MAE": 17.49337866512346
    },
    "86.png": {
        "MAE": 15.686209705075445
    },
    "87.png": {
        "MAE": 14.155452996399177
    },
    "88.png": {
        "MAE": 13.333097457990398
    },
    "89.png": {
        "MAE": 15.10668831447188
    },
    "9.png": {
        "MAE": 19.768139574759946
    },
    "90.png": {
        "MAE": 8.19388771004801
    },
    "91.png": {
        "MAE": 19.81462877229081
    },
    "92.png": {
        "MAE": 25.307231117112483
    },
    "93.png": {
        "MAE": 23.517393582818933
    },
    "94.png": {
        "MAE": 22.493400098593966
    },
    "95.png": {
        "MAE": 21.13719253686557
    },
    "96.png": {
        "MAE": 19.35558984910837
    },
    "97.png": {
        "MAE": 17.500955396947873
    },
    "98.png": {
        "MAE": 15.74888942472565
    },
    "99.png": {
        "MAE": 15.433647976680383
    }
}