{"12.png": {"MAE": 54.81010845336077}, "13.png": {"MAE": 48.085096879286695}, "14.png": {"MAE": 43.18930727023319}, "15.png": {"MAE": 39.04623028120713}, "16.png": {"MAE": 36.25842592592593}, "17.png": {"MAE": 35.701769975994516}, "18.png": {"MAE": 38.16153206447188}, "19.png": {"MAE": 36.08768861454047}, "2.png": {"MAE": 50.77923311042524}, "20.png": {"MAE": 102.77861368312757}, "21.png": {"MAE": 103.84323731138547}, "22.png": {"MAE": 83.1304432441701}, "23.png": {"MAE": 70.81624271262002}, "24.png": {"MAE": 60.4324871399177}, "25.png": {"MAE": 53.62315157750343}, "26.png": {"MAE": 50.25682656035665}, "27.png": {"MAE": 49.53694958847736}, "28.png": {"MAE": 47.43659164951989}, "29.png": {"MAE": 36.52507758916324}, "3.png": {"MAE": 40.50681069958848}, "30.png": {"MAE": 112.1659250685871}, "31.png": {"MAE": 105.95156721536351}, "32.png": {"MAE": 99.66945087448559}, "33.png": {"MAE": 81.220718021262}, "34.png": {"MAE": 67.70685356652949}, "35.png": {"MAE": 59.64186728395062}, "36.png": {"MAE": 52.959278978052126}, "37.png": {"MAE": 47.46260202331962}, "38.png": {"MAE": 39.637179355281205}, "39.png": {"MAE": 28.46175754458162}, "4.png": {"MAE": 34.14738940329218}, "40.png": {"MAE": 115.48173525377229}, "41.png": {"MAE": 97.40256644375857}, "42.png": {"MAE": 90.23606224279835}, "43.png": {"MAE": 78.11353952331962}, "44.png": {"MAE": 63.7262457133059}, "45.png": {"MAE": 53.1378549382716}, "46.png": {"MAE": 45.12676783264746}, "47.png": {"MAE": 38.03038751714678}, "48.png": {"MAE": 29.254159807956103}, "49.png": {"MAE": 22.83585090877915}, "5.png": {"MAE": 29.65085048010974}, "50.png": {"MAE": 116.00194873113854}, "51.png": {"MAE": 88.54340963648833}, "52.png": {"MAE": 81.54306327160494}, "53.png": {"MAE": 71.25110082304526}, "54.png": {"MAE": 56.2264103223594}, "55.png": {"MAE": 45.81584190672154}, "56.png": {"MAE": 37.47433213305899}, "57.png": {"MAE": 29.59647633744856}, "58.png": {"MAE": 23.649156807270234}, "59.png": {"MAE": 19.216920867626886}, "6.png": {"MAE": 25.455665294924554}, "60.png": {"MAE": 112.12878643689986}, "61.png": {"MAE": 74.58461462620028}, "62.png": {"MAE": 71.24172968106996}, "63.png": {"MAE": 63.02971836419753}, "64.png": {"MAE": 48.65437585733882}, "65.png": {"MAE": 37.51194315843622}, "66.png": {"MAE": 29.53221450617284}, "67.png": {"MAE": 24.192113340192044}, "68.png": {"MAE": 19.729822530864197}, "69.png": {"MAE": 16.417595593278463}, "7.png": {"MAE": 21.535924211248286}, "70.png": {"MAE": 76.16769761659808}, "71.png": {"MAE": 68.3616550925926}, "72.png": {"MAE": 65.36806670096021}, "73.png": {"MAE": 53.24898019547325}, "74.png": {"MAE": 40.60252357681756}, "75.png": {"MAE": 31.373818587105625}, "76.png": {"MAE": 24.599725222908095}, "77.png": {"MAE": 20.038900462962964}, "78.png": {"MAE": 16.465608281893005}, "79.png": {"MAE": 14.062872513717421}, "8.png": {"MAE": 18.306052812071332}, "80.png": {"MAE": 23.756579218106996}, "81.png": {"MAE": 58.15791452331962}, "82.png": {"MAE": 56.96640003429355}, "83.png": {"MAE": 48.41557527434842}, "84.png": {"MAE": 38.570586848422494}, "85.png": {"MAE": 31.519185099451303}, "86.png": {"MAE": 25.47934284979424}, "87.png": {"MAE": 19.315620713305897}, "88.png": {"MAE": 13.642010459533608}, "89.png": {"MAE": 12.069907836076817}, "9.png": {"MAE": 29.122709190672154}, "90.png": {"MAE": 8.592167781207133}, "91.png": {"MAE": 26.22196544924554}, "92.png": {"MAE": 35.595670867626886}, "93.png": {"MAE": 36.91914737654321}, "94.png": {"MAE": 34.91759259259259}, "95.png": {"MAE": 31.72778163580247}, "96.png": {"MAE": 27.948988340192045}, "97.png": {"MAE": 24.327347822359396}, "98.png": {"MAE": 20.851544495884774}, "99.png": {"MAE": 10.369621913580247}}