{"12.png": {"MAE": 33.12962362825789}, "13.png": {"MAE": 28.483030264060357}, "14.png": {"MAE": 25.677474494170095}, "15.png": {"MAE": 23.34484503600823}, "16.png": {"MAE": 21.770829689643346}, "17.png": {"MAE": 21.38882008744856}, "18.png": {"MAE": 22.82199717078189}, "19.png": {"MAE": 21.774397076474624}, "2.png": {"MAE": 35.71629951131687}, "20.png": {"MAE": 59.71864154663923}, "21.png": {"MAE": 60.270703660836766}, "22.png": {"MAE": 46.96179012345679}, "23.png": {"MAE": 39.56680491255144}, "24.png": {"MAE": 33.76463177297668}, "25.png": {"MAE": 29.98627186213992}, "26.png": {"MAE": 28.089706790123458}, "27.png": {"MAE": 27.692006815843623}, "28.png": {"MAE": 26.53418209876543}, "29.png": {"MAE": 20.327087191358025}, "3.png": {"MAE": 30.2004601766118}, "30.png": {"MAE": 85.75326324588477}, "31.png": {"MAE": 60.550632287379976}, "32.png": {"MAE": 55.34646197702332}, "33.png": {"MAE": 44.76186085390947}, "34.png": {"MAE": 37.310405092592596}, "35.png": {"MAE": 32.86201924725651}, "36.png": {"MAE": 29.197070687585732}, "37.png": {"MAE": 26.18544088648834}, "38.png": {"MAE": 21.88996077674897}, "39.png": {"MAE": 15.756653377914953}, "4.png": {"MAE": 27.310522548010972}, "40.png": {"MAE": 88.3601519633059}, "41.png": {"MAE": 55.960700874485596}, "42.png": {"MAE": 50.04444465877915}, "43.png": {"MAE": 42.98577974965706}, "44.png": {"MAE": 35.06068372770919}, "45.png": {"MAE": 29.25883187585734}, "46.png": {"MAE": 24.873759002057614}, "47.png": {"MAE": 20.982111625514403}, "48.png": {"MAE": 16.160678798010974}, "49.png": {"MAE": 12.665651791838135}, "5.png": {"MAE": 25.180993012688614}, "50.png": {"MAE": 88.55101058813443}, "51.png": {"MAE": 51.13551268861454}, "52.png": {"MAE": 45.19477259087792}, "53.png": {"MAE": 39.169121442043895}, "54.png": {"MAE": 30.933374271262004}, "55.png": {"MAE": 25.232321459190672}, "56.png": {"MAE": 20.659818244170097}, "57.png": {"MAE": 16.344971493484223}, "58.png": {"MAE": 13.084633701989025}, "59.png": {"MAE": 10.674478094993141}, "6.png": {"MAE": 23.004741298010973}, "60.png": {"MAE": 85.60749056927298}, "61.png": {"MAE": 43.14470657578875}, "62.png": {"MAE": 39.45572080761317}, "63.png": {"MAE": 34.65173653978052}, "64.png": {"MAE": 26.780164609053497}, "65.png": {"MAE": 20.662272590877915}, "66.png": {"MAE": 16.288767146776404}, "67.png": {"MAE": 13.366230495541839}, "68.png": {"MAE": 10.939778377914951}, "69.png": {"MAE": 9.169649991426612}, "7.png": {"MAE": 20.81292609739369}, "70.png": {"MAE": 43.98847715192044}, "71.png": {"MAE": 38.63800904492455}, "72.png": {"MAE": 36.03658157578875}, "73.png": {"MAE": 29.296328660836764}, "74.png": {"MAE": 22.365885631001373}, "75.png": {"MAE": 17.295099879972565}, "76.png": {"MAE": 13.585166323731139}, "77.png": {"MAE": 11.094750085733882}, "78.png": {"MAE": 9.177569015775035}, "79.png": {"MAE": 7.957987611454047}, "8.png": {"MAE": 18.91874292695473}, "80.png": {"MAE": 13.814749442729767}, "81.png": {"MAE": 32.656460905349796}, "82.png": {"MAE": 31.709301697530865}, "83.png": {"MAE": 26.885348508230454}, "84.png": {"MAE": 21.39809885116598}, "85.png": {"MAE": 17.474900120027435}, "86.png": {"MAE": 14.130466820987655}, "87.png": {"MAE": 10.736865354938272}, "88.png": {"MAE": 7.660759816529493}, "89.png": {"MAE": 6.983393132716049}, "9.png": {"MAE": 26.619942772633745}, "90.png": {"MAE": 6.356249785665295}, "91.png": {"MAE": 19.123731138545953}, "92.png": {"MAE": 24.561562714334706}, "93.png": {"MAE": 24.611281078532237}, "94.png": {"MAE": 22.69560013717421}, "95.png": {"MAE": 20.20345614711934}, "96.png": {"MAE": 17.522757844650204}, "97.png": {"MAE": 15.085802254801097}, "98.png": {"MAE": 12.78896283436214}, "99.png": {"MAE": 6.170803969478738}}