{"12.png": {"MAE": 6.19056841563786}, "13.png": {"MAE": 5.109343707133059}, "14.png": {"MAE": 4.0796570644718795}, "15.png": {"MAE": 3.412127486282579}, "16.png": {"MAE": 2.97965963648834}, "17.png": {"MAE": 2.7599789951989027}, "18.png": {"MAE": 3.2908993484224967}, "19.png": {"MAE": 11.47175925925926}, "2.png": {"MAE": 16.80684370713306}, "20.png": {"MAE": 9.907059756515775}, "21.png": {"MAE": 6.633941186556927}, "22.png": {"MAE": 5.1016490912208505}, "23.png": {"MAE": 4.177226080246913}, "24.png": {"MAE": 3.3231292866941016}, "25.png": {"MAE": 2.7290440672153635}, "26.png": {"MAE": 2.41653377914952}, "27.png": {"MAE": 2.6443141289437584}, "28.png": {"MAE": 3.6837229938271605}, "29.png": {"MAE": 12.676209705075445}, "3.png": {"MAE": 15.245670010288066}, "30.png": {"MAE": 41.62121656378601}, "31.png": {"MAE": 7.783384773662552}, "32.png": {"MAE": 5.15551268861454}, "33.png": {"MAE": 4.287019461591221}, "34.png": {"MAE": 3.4036655521262005}, "35.png": {"MAE": 2.8525360082304525}, "36.png": {"MAE": 2.726454475308642}, "37.png": {"MAE": 3.013028978052126}, "38.png": {"MAE": 4.109116512345679}, "39.png": {"MAE": 13.849706361454047}, "4.png": {"MAE": 13.025406807270233}, "40.png": {"MAE": 42.23428712277092}, "41.png": {"MAE": 8.954903549382717}, "42.png": {"MAE": 5.593386059670782}, "43.png": {"MAE": 4.397488425925926}, "44.png": {"MAE": 3.4967648319615914}, "45.png": {"MAE": 3.18431841563786}, "46.png": {"MAE": 3.1782943244170094}, "47.png": {"MAE": 3.392792352537723}, "48.png": {"MAE": 4.506783264746228}, "49.png": {"MAE": 14.851556927297668}, "5.png": {"MAE": 10.914240826474623}, "50.png": {"MAE": 41.851579218107}, "51.png": {"MAE": 9.210069444444445}, "52.png": {"MAE": 5.864241683813443}, "53.png": {"MAE": 4.628903463648834}, "54.png": {"MAE": 3.8873731138545953}, "55.png": {"MAE": 3.5354076646090533}, "56.png": {"MAE": 3.520886059670782}, "57.png": {"MAE": 3.8650051440329216}, "58.png": {"MAE": 4.916014231824417}, "59.png": {"MAE": 15.51576989026063}, "6.png": {"MAE": 9.188402349108367}, "60.png": {"MAE": 40.3840496399177}, "61.png": {"MAE": 8.88269761659808}, "62.png": {"MAE": 6.094501457475994}, "63.png": {"MAE": 4.829513031550069}, "64.png": {"MAE": 4.340621570644719}, "65.png": {"MAE": 4.104477023319616}, "66.png": {"MAE": 3.9668672839506174}, "67.png": {"MAE": 4.2232433127572016}, "68.png": {"MAE": 5.395315500685871}, "69.png": {"MAE": 15.862628172153634}, "7.png": {"MAE": 8.055810185185186}, "70.png": {"MAE": 9.254606481481481}, "71.png": {"MAE": 6.98647848079561}, "72.png": {"MAE": 5.529626200274349}, "73.png": {"MAE": 5.110829046639232}, "74.png": {"MAE": 4.866487482853223}, "75.png": {"MAE": 4.664494170096022}, "76.png": {"MAE": 4.58639317558299}, "77.png": {"MAE": 4.805208762002743}, "78.png": {"MAE": 5.868377057613169}, "79.png": {"MAE": 16.03292909807956}, "8.png": {"MAE": 7.751242283950617}, "80.png": {"MAE": 21.194904835390947}, "81.png": {"MAE": 11.383680984224966}, "82.png": {"MAE": 6.806973165294925}, "83.png": {"MAE": 6.478701560356653}, "84.png": {"MAE": 6.617194358710562}, "85.png": {"MAE": 6.56818115569273}, "86.png": {"MAE": 6.462316958161866}, "87.png": {"MAE": 6.400150034293553}, "88.png": {"MAE": 6.911744255829904}, "89.png": {"MAE": 16.751378600823045}, "9.png": {"MAE": 10.2999747085048}, "90.png": {"MAE": 10.342850651577503}, "91.png": {"MAE": 14.973997770919068}, "92.png": {"MAE": 18.78772848079561}, "93.png": {"MAE": 20.750042866941016}, "94.png": {"MAE": 21.984675925925927}, "95.png": {"MAE": 22.41050625857339}, "96.png": {"MAE": 22.296635802469137}, "97.png": {"MAE": 21.724877400548696}, "98.png": {"MAE": 21.00730024005487}, "99.png": {"MAE": 24.977225222908093}}