{"12.png": {"MAE": 29.274551826131688}, "13.png": {"MAE": 25.497231009945132}, "14.png": {"MAE": 21.079442729766804}, "15.png": {"MAE": 18.073038408779148}, "16.png": {"MAE": 16.105286136831275}, "17.png": {"MAE": 12.81198774005487}, "18.png": {"MAE": 10.273003043552812}, "19.png": {"MAE": 13.976115826474622}, "2.png": {"MAE": 26.23785986796982}, "20.png": {"MAE": 30.7214866255144}, "21.png": {"MAE": 28.895696159122085}, "22.png": {"MAE": 27.233415637860084}, "23.png": {"MAE": 22.836811342592593}, "24.png": {"MAE": 18.1230870627572}, "25.png": {"MAE": 15.02967099622771}, "26.png": {"MAE": 13.41979852537723}, "27.png": {"MAE": 11.655657364540467}, "28.png": {"MAE": 11.361195130315501}, "29.png": {"MAE": 15.184900977366254}, "3.png": {"MAE": 26.654759945130316}, "30.png": {"MAE": 57.00608903463649}, "31.png": {"MAE": 27.90631622942387}, "32.png": {"MAE": 25.909149734224965}, "33.png": {"MAE": 23.312642961248287}, "34.png": {"MAE": 18.456325874485596}, "35.png": {"MAE": 15.52982724622771}, "36.png": {"MAE": 14.972907878943758}, "37.png": {"MAE": 13.928786865569274}, "38.png": {"MAE": 12.62243034122085}, "39.png": {"MAE": 16.467797067901234}, "4.png": {"MAE": 25.32383573388203}, "40.png": {"MAE": 57.04354509602195}, "41.png": {"MAE": 32.3701393175583}, "42.png": {"MAE": 27.856607510288065}, "43.png": {"MAE": 23.682177211934157}, "44.png": {"MAE": 18.862528935185185}, "45.png": {"MAE": 17.41185549554184}, "46.png": {"MAE": 17.471385673868312}, "47.png": {"MAE": 16.471330375514402}, "48.png": {"MAE": 14.079321201989027}, "49.png": {"MAE": 17.83093921467764}, "5.png": {"MAE": 23.594822745198904}, "50.png": {"MAE": 55.919684284979425}, "51.png": {"MAE": 34.04745820473251}, "52.png": {"MAE": 29.334450017146775}, "53.png": {"MAE": 24.88601980452675}, "54.png": {"MAE": 20.88150805898491}, "55.png": {"MAE": 19.161546210562413}, "56.png": {"MAE": 19.2461529063786}, "57.png": {"MAE": 19.42324116941015}, "58.png": {"MAE": 15.95410300925926}, "59.png": {"MAE": 19.28510309499314}, "6.png": {"MAE": 22.003810442386833}, "60.png": {"MAE": 54.06455032578875}, "61.png": {"MAE": 34.16399841392318}, "62.png": {"MAE": 30.968853523662553}, "63.png": {"MAE": 26.146454903978054}, "64.png": {"MAE": 23.39925047153635}, "65.png": {"MAE": 22.247283521947875}, "66.png": {"MAE": 21.616181412894377}, "67.png": {"MAE": 21.983258744855966}, "68.png": {"MAE": 19.078179226680383}, "69.png": {"MAE": 21.179705932784636}, "7.png": {"MAE": 20.188198302469136}, "70.png": {"MAE": 29.133247813786006}, "71.png": {"MAE": 28.375571844993143}, "72.png": {"MAE": 25.99503086419753}, "73.png": {"MAE": 24.619925840192042}, "74.png": {"MAE": 23.18382094478738}, "75.png": {"MAE": 22.05905028292181}, "76.png": {"MAE": 21.788847950960218}, "77.png": {"MAE": 23.007191572359396}, "78.png": {"MAE": 22.34744684499314}, "79.png": {"MAE": 23.771982167352537}, "8.png": {"MAE": 18.5240498542524}, "80.png": {"MAE": 30.452043252743483}, "81.png": {"MAE": 33.605713520233195}, "82.png": {"MAE": 19.269172668038408}, "83.png": {"MAE": 17.403878172153636}, "84.png": {"MAE": 17.796239283264747}, "85.png": {"MAE": 17.51185721021948}, "86.png": {"MAE": 17.241952589163237}, "87.png": {"MAE": 17.574040637860083}, "88.png": {"MAE": 19.005435099451304}, "89.png": {"MAE": 23.22998349622771}, "9.png": {"MAE": 12.916336376886145}, "90.png": {"MAE": 10.031525634430727}, "91.png": {"MAE": 20.505526406035667}, "92.png": {"MAE": 26.05289951989026}, "93.png": {"MAE": 22.423506087105626}, "94.png": {"MAE": 22.29120006001372}, "95.png": {"MAE": 22.070928926611796}, "96.png": {"MAE": 21.18842185356653}, "97.png": {"MAE": 19.91610853909465}, "98.png": {"MAE": 18.708816015089162}, "99.png": {"MAE": 24.69649198388203}}