{"12.png": {"MAE": 52.358535236625514}, "13.png": {"MAE": 45.8851183127572}, "14.png": {"MAE": 38.079228395061726}, "15.png": {"MAE": 32.73394933127572}, "16.png": {"MAE": 29.23091263717421}, "17.png": {"MAE": 22.863996484910835}, "18.png": {"MAE": 17.25510673868313}, "19.png": {"MAE": 16.480472393689986}, "2.png": {"MAE": 35.66887602880659}, "20.png": {"MAE": 51.53591349451303}, "21.png": {"MAE": 51.157451131687246}, "22.png": {"MAE": 49.36518218449931}, "23.png": {"MAE": 41.49639660493827}, "24.png": {"MAE": 32.9230448388203}, "25.png": {"MAE": 27.330297925240053}, "26.png": {"MAE": 24.42306327160494}, "27.png": {"MAE": 20.667000600137175}, "28.png": {"MAE": 19.03866726680384}, "29.png": {"MAE": 17.693592249657065}, "3.png": {"MAE": 38.063849879972565}, "30.png": {"MAE": 72.39096150548697}, "31.png": {"MAE": 48.02924768518518}, "32.png": {"MAE": 46.66278677983539}, "33.png": {"MAE": 42.33826646090535}, "34.png": {"MAE": 33.508986196844994}, "35.png": {"MAE": 28.207118484224967}, "36.png": {"MAE": 27.219361282578877}, "37.png": {"MAE": 24.84454475308642}, "38.png": {"MAE": 21.13574417009602}, "39.png": {"MAE": 19.08588777434842}, "4.png": {"MAE": 37.622264660493826}, "40.png": {"MAE": 71.85280306927298}, "41.png": {"MAE": 55.78537508573388}, "42.png": {"MAE": 50.11982896090535}, "43.png": {"MAE": 42.966865997942385}, "44.png": {"MAE": 34.22829303840878}, "45.png": {"MAE": 31.639392575445815}, "46.png": {"MAE": 31.764477023319618}, "47.png": {"MAE": 29.549868398491082}, "48.png": {"MAE": 23.651859139231824}, "49.png": {"MAE": 20.81032150205761}, "5.png": {"MAE": 36.27540466392318}, "50.png": {"MAE": 69.98778935185184}, "51.png": {"MAE": 58.88484696502058}, "52.png": {"MAE": 52.80465835048011}, "53.png": {"MAE": 45.14313614540466}, "54.png": {"MAE": 37.875643004115226}, "55.png": {"MAE": 34.78768475651577}, "56.png": {"MAE": 34.97141975308642}, "57.png": {"MAE": 34.98147719478738}, "58.png": {"MAE": 26.9921917866941}, "59.png": {"MAE": 23.05443629972565}, "6.png": {"MAE": 34.81921853566529}, "60.png": {"MAE": 67.74505101165981}, "61.png": {"MAE": 59.44529921124828}, "62.png": {"MAE": 55.843205589849106}, "63.png": {"MAE": 47.463396776406036}, "64.png": {"MAE": 42.45787937242798}, "65.png": {"MAE": 40.39009002057613}, "66.png": {"MAE": 39.265495541838135}, "67.png": {"MAE": 39.743274176954735}, "68.png": {"MAE": 32.7610429526749}, "69.png": {"MAE": 26.496783693415637}, "7.png": {"MAE": 32.320586419753084}, "70.png": {"MAE": 49.01188914609053}, "71.png": {"MAE": 49.764665209190674}, "72.png": {"MAE": 46.46043552812071}, "73.png": {"MAE": 44.12902263374485}, "74.png": {"MAE": 41.50115440672154}, "75.png": {"MAE": 39.4536063957476}, "76.png": {"MAE": 38.99130272633745}, "77.png": {"MAE": 41.20917438271605}, "78.png": {"MAE": 38.826516632373114}, "79.png": {"MAE": 31.511035236625514}, "8.png": {"MAE": 29.296857424554183}, "80.png": {"MAE": 39.70918167009602}, "81.png": {"MAE": 55.82774605624142}, "82.png": {"MAE": 31.731372170781892}, "83.png": {"MAE": 28.329054783950617}, "84.png": {"MAE": 28.97528420781893}, "85.png": {"MAE": 28.45553326474623}, "86.png": {"MAE": 28.02158822016461}, "87.png": {"MAE": 28.747931241426613}, "88.png": {"MAE": 31.099125943072703}, "89.png": {"MAE": 29.70858839163237}, "9.png": {"MAE": 15.53269804526749}, "90.png": {"MAE": 9.72020061728395}, "91.png": {"MAE": 26.037055041152264}, "92.png": {"MAE": 33.318070558984914}, "93.png": {"MAE": 24.096969307270232}, "94.png": {"MAE": 22.59772419410151}, "95.png": {"MAE": 21.731351594650206}, "96.png": {"MAE": 20.080207904663922}, "97.png": {"MAE": 18.107339677640603}, "98.png": {"MAE": 16.410331790123458}, "99.png": {"MAE": 24.415758744855967}}