{"12.png": {"MAE": 11.449138803155007}, "13.png": {"MAE": 8.880963648834019}, "14.png": {"MAE": 8.165641718106995}, "15.png": {"MAE": 7.643459790809328}, "16.png": {"MAE": 7.2832334533607686}, "17.png": {"MAE": 7.0758701989026065}, "18.png": {"MAE": 7.482462277091907}, "19.png": {"MAE": 7.461105538408779}, "2.png": {"MAE": 20.653365912208503}, "20.png": {"MAE": 16.658669410150893}, "21.png": {"MAE": 16.698170010288067}, "22.png": {"MAE": 10.793137002743483}, "23.png": {"MAE": 8.317367112482854}, "24.png": {"MAE": 7.096776406035666}, "25.png": {"MAE": 6.349392146776406}, "26.png": {"MAE": 5.922587019890261}, "27.png": {"MAE": 5.847064043209876}, "28.png": {"MAE": 5.631772548010974}, "29.png": {"MAE": 4.1290967935528124}, "3.png": {"MAE": 19.894109653635116}, "30.png": {"MAE": 59.34060142318244}, "31.png": {"MAE": 15.149697359396434}, "32.png": {"MAE": 11.023473079561043}, "33.png": {"MAE": 8.303003686556927}, "34.png": {"MAE": 6.913956618655693}, "35.png": {"MAE": 6.082171210562414}, "36.png": {"MAE": 5.434862397119342}, "37.png": {"MAE": 4.908279749657065}, "38.png": {"MAE": 4.142742198216736}, "39.png": {"MAE": 3.051549211248285}, "4.png": {"MAE": 20.473655692729768}, "40.png": {"MAE": 61.238568672839506}, "41.png": {"MAE": 14.51883530521262}, "42.png": {"MAE": 9.852827074759945}, "43.png": {"MAE": 7.858019975994513}, "44.png": {"MAE": 6.395121742112483}, "45.png": {"MAE": 5.379808813443073}, "46.png": {"MAE": 4.620750171467764}, "47.png": {"MAE": 3.93383573388203}, "48.png": {"MAE": 3.0671977880658434}, "49.png": {"MAE": 2.4954526748971193}, "5.png": {"MAE": 20.71113554526749}, "50.png": {"MAE": 61.100072445130316}, "51.png": {"MAE": 13.72761574074074}, "52.png": {"MAE": 8.846481910150892}, "53.png": {"MAE": 7.087142061042524}, "54.png": {"MAE": 5.640338220164609}, "55.png": {"MAE": 4.648801011659808}, "56.png": {"MAE": 3.845304355281207}, "57.png": {"MAE": 3.09346664951989}, "58.png": {"MAE": 2.520110596707819}, "59.png": {"MAE": 2.1320353223593966}, "6.png": {"MAE": 20.553817301097393}, "60.png": {"MAE": 59.08619470164609}, "61.png": {"MAE": 11.704798525377228}, "62.png": {"MAE": 7.669711934156378}, "63.png": {"MAE": 6.273754715363512}, "64.png": {"MAE": 4.905953360768176}, "65.png": {"MAE": 3.812602023319616}, "66.png": {"MAE": 3.0453197873799724}, "67.png": {"MAE": 2.5403476508916323}, "68.png": {"MAE": 2.1497342249657065}, "69.png": {"MAE": 1.9217043895747599}, "7.png": {"MAE": 20.089927983539095}, "70.png": {"MAE": 11.809256687242799}, "71.png": {"MAE": 8.914362997256516}, "72.png": {"MAE": 6.705096450617284}, "73.png": {"MAE": 5.343677126200275}, "74.png": {"MAE": 4.129247685185185}, "75.png": {"MAE": 3.216381172839506}, "76.png": {"MAE": 2.5706074245541837}, "77.png": {"MAE": 2.150599708504801}, "78.png": {"MAE": 1.8895297496570644}, "79.png": {"MAE": 1.8531027091906722}, "8.png": {"MAE": 19.531433041838135}, "80.png": {"MAE": 3.8729196673525377}, "81.png": {"MAE": 7.155007287379973}, "82.png": {"MAE": 6.452203360768175}, "83.png": {"MAE": 5.355121742112483}, "84.png": {"MAE": 4.2256108539094654}, "85.png": {"MAE": 3.4306151406035665}, "86.png": {"MAE": 2.78159079218107}, "87.png": {"MAE": 2.1581099965706447}, "88.png": {"MAE": 1.6795091735253773}, "89.png": {"MAE": 1.8968784293552812}, "9.png": {"MAE": 24.117176354595337}, "90.png": {"MAE": 4.120331790123457}, "91.png": {"MAE": 12.025496827846364}, "92.png": {"MAE": 13.527454561042523}, "93.png": {"MAE": 12.303414780521262}, "94.png": {"MAE": 10.47360768175583}, "95.png": {"MAE": 8.679130658436215}, "96.png": {"MAE": 7.096527349108368}, "97.png": {"MAE": 5.844256687242798}, "98.png": {"MAE": 4.726381172839506}, "99.png": {"MAE": 1.971986025377229}}